{"outcome": [1, 0, 0, 0, 1, 0, 1, 1, 1, 0, 0, 1, 0, 1, 0, 1, 0, 0, 0, 0, 0, 1, 0, 0, 0, 0, 1, 1, 0, 1, 0, 1, 1, 0, 0, 1, 1, 1, 1, 1, 0, 1, 1, 0, 1, 1, 1, 0, 0, 1, 1, 1, 0, 0, 1, 0, 0, 1, 0, 0, 1, 0, 0, 1, 0, 0, 0, 1], "kills": [3, 0, 2, 10, 1, 2, 1, 0, 4, 2, 7, 2, 0, 6, 2, 2, 2, 3, 2, 1, 2, 1, 2, 4, 1, 2, 3, 3, 2, 1, 0, 1, 3, 2, 1, 0, 4, 3, 10, 7, 0, 8, 1, 5, 10, 6, 12, 5, 3, 4, 1, 4, 3, 4, 12, 5, 1, 1, 2, 2, 3, 2, 1, 8, 2, 5, 0, 5], "deaths": [4, 9, 7, 14, 11, 6, 5, 3, 7, 8, 7, 1, 4, 2, 8, 1, 7, 6, 7, 5, 4, 4, 8, 8, 6, 6, 4, 6, 7, 6, 2, 3, 4, 6, 8, 6, 3, 3, 4, 9, 4, 7, 1, 6, 6, 6, 6, 11, 4, 2, 16, 5, 6, 8, 8, 10, 7, 3, 4, 8, 8, 9, 5, 4, 9, 13, 6, 10], "assists": [24, 10, 2, 14, 16, 8, 27, 12, 17, 13, 24, 13, 3, 5, 16, 19, 23, 15, 17, 7, 6, 31, 6, 6, 5, 11, 20, 16, 16, 19, 0, 6, 27, 17, 22, 24, 9, 6, 3, 12, 10, 15, 0, 10, 6, 7, 8, 10, 0, 3, 6, 3, 5, 3, 14, 19, 9, 16, 20, 8, 20, 28, 4, 4, 8, 12, 9, 16], "minions_killed": [9, 27, 43, 66, 25, 10, 28, 7, 40, 31, 62, 21, 11, 16, 7, 8, 6, 35, 44, 18, 82, 25, 43, 45, 34, 47, 35, 26, 35, 41, 28, 19, 45, 16, 27, 10, 19, 22, 223, 262, 26, 247, 141, 226, 167, 223, 218, 123, 227, 110, 213, 122, 144, 184, 270, 50, 15, 25, 61, 49, 38, 32, 34, 43, 38, 38, 42, 34], "vision_score": [56, 67, 42, 110, 49, 36, 66, 35, 65, 77, 76, 43, 32, 35, 62, 69, 56, 82, 79, 49, 74, 81, 41, 129, 54, 62, 74, 48, 56, 83, 26, 38, 95, 57, 74, 49, 71, 39, 36, 41, 60, 32, 23, 27, 47, 38, 43, 25, 30, 16, 26, 22, 20, 22, 61, 74, 11, 48, 103, 60, 81, 83, 22, 87, 67, 74, 72, 89], "position": [4, 4, 4, 4, 4, 4, 4, 4, 4, 4, 4, 4, 4, 4, 4, 4, 4, 4, 4, 4, 4, 4, 4, 4, 4, 4, 4, 4, 4, 4, 4, 4, 4, 4, 4, 4, 4, 4, 4, 3, 4, 3, 3, 3, 3, 3, 2, 1, 0, 0, 0, 0, 2, 2, 2, 4, 1, 4, 4, 4, 4, 4, 4, 4, 4, 4, 4, 4], "game_duration": [30.816666666666666, 32.35, 23.0, 42.483333333333334, 29.916666666666668, 27.616666666666667, 33.0, 20.033333333333335, 28.316666666666666, 32.61666666666667, 32.516666666666666, 21.666666666666668, 17.6, 21.833333333333332, 31.116666666666667, 34.1, 35.78333333333333, 34.5, 39.083333333333336, 25.716666666666665, 36.983333333333334, 35.68333333333333, 25.15, 39.9, 29.4, 30.133333333333333, 31.016666666666666, 24.133333333333333, 27.1, 31.983333333333334, 19.1, 19.433333333333334, 34.9, 35.28333333333333, 40.266666666666666, 28.433333333333334, 26.716666666666665, 23.966666666666665, 33.5, 42.833333333333336, 31.366666666666667, 39.0, 21.65, 42.083333333333336, 33.03333333333333, 36.55, 38.1, 28.433333333333334, 37.05, 21.166666666666668, 43.666666666666664, 24.033333333333335, 27.133333333333333, 27.733333333333334, 52.53333333333333, 39.666666666666664, 22.4, 28.45, 34.15, 32.266666666666666, 32.68333333333333, 38.03333333333333, 25.283333333333335, 28.483333333333334, 34.2, 32.1, 29.366666666666667, 34.083333333333336]}