{"outcome": [0, 0, 0, 0, 0, 0, 1, 0, 0, 1, 0, 0, 0, 1, 1, 1, 0, 0, 0, 1, 0, 1, 1, 1, 1, 1, 1, 0, 1, 0, 1, 0, 0, 1, 0, 0, 1, 0, 0, 1, 0, 1, 0, 0, 1, 1, 1, 0, 1, 1, 1, 0, 0, 0, 1, 1, 0, 1, 0], "kills": [2, 4, 0, 5, 3, 7, 9, 0, 3, 3, 16, 4, 0, 1, 3, 0, 3, 3, 4, 1, 7, 7, 5, 13, 7, 5, 7, 16, 2, 20, 6, 4, 3, 13, 4, 4, 7, 3, 0, 8, 1, 12, 2, 4, 4, 3, 3, 1, 4, 5, 4, 0, 4, 7, 5, 4, 4, 8, 6], "deaths": [7, 7, 0, 8, 6, 3, 3, 1, 7, 3, 9, 11, 4, 4, 5, 3, 7, 11, 7, 2, 7, 7, 5, 3, 6, 6, 5, 5, 0, 3, 7, 9, 6, 4, 5, 8, 7, 2, 5, 4, 4, 2, 7, 7, 6, 3, 2, 5, 4, 3, 3, 5, 4, 5, 4, 4, 6, 6, 9], "assists": [2, 8, 2, 22, 1, 3, 10, 2, 6, 10, 7, 11, 6, 24, 13, 22, 7, 16, 3, 20, 2, 12, 8, 7, 9, 11, 4, 3, 1, 8, 18, 11, 9, 6, 5, 7, 6, 9, 2, 17, 1, 5, 14, 3, 19, 16, 3, 11, 7, 5, 9, 3, 5, 5, 3, 6, 12, 19, 13], "minionsKilled": [115, 151, 125, 163, 164, 193, 155, 94, 120, 159, 191, 171, 6, 16, 47, 36, 171, 51, 35, 18, 151, 159, 133, 240, 115, 125, 159, 147, 138, 226, 142, 138, 95, 152, 181, 10, 54, 73, 15, 28, 20, 41, 60, 25, 66, 49, 13, 25, 44, 24, 21, 133, 29, 12, 175, 25, 17, 32, 67], "visionScore": [14, 22, 14, 20, 24, 21, 19, 8, 15, 23, 23, 45, 38, 36, 56, 55, 26, 64, 31, 53, 21, 26, 14, 29, 20, 20, 34, 24, 16, 26, 31, 29, 21, 33, 13, 12, 36, 22, 14, 16, 20, 25, 16, 23, 22, 29, 25, 37, 37, 18, 37, 17, 15, 22, 25, 16, 15, 54, 25], "position": [0, 2, 0, 0, 0, 0, 0, 0, 2, 2, 0, 3, 4, 4, 4, 4, 3, 4, 4, 4, 3, 3, 3, 3, 2, 2, 2, 2, 2, 2, 2, 2, 2, 2, 3, 1, 1, 1, 1, 1, 1, 1, 1, 1, 1, 1, 1, 1, 1, 1, 1, 0, 1, 1, 0, 1, 1, 1, 1], "gameDuration": [25.8, 30.866666666666667, 20.133333333333333, 39.766666666666666, 29.366666666666667, 25.716666666666665, 27.7, 16.816666666666666, 26.65, 28.15, 37.63333333333333, 40.25, 23.466666666666665, 29.0, 30.55, 34.56666666666667, 31.583333333333332, 36.516666666666666, 26.216666666666665, 30.183333333333334, 28.15, 26.966666666666665, 26.383333333333333, 36.583333333333336, 25.566666666666666, 29.55, 29.366666666666667, 32.3, 20.5, 40.21666666666667, 35.68333333333333, 32.56666666666667, 26.466666666666665, 29.033333333333335, 26.733333333333334, 24.566666666666666, 35.71666666666667, 38.43333333333333, 25.2, 41.03333333333333, 20.383333333333333, 32.85, 31.033333333333335, 26.766666666666666, 32.96666666666667, 31.616666666666667, 24.2, 32.53333333333333, 34.93333333333333, 30.85, 27.35, 23.533333333333335, 20.7, 29.966666666666665, 28.75, 27.216666666666665, 26.466666666666665, 32.05, 38.81666666666667]}