{"outcome": [1, 0, 1, 1, 0, 1, 0, 1, 0, 1, 0, 0, 0, 0, 0, 1], "kills": [18, 7, 18, 4, 18, 13, 5, 2, 10, 12, 14, 11, 9, 8, 4, 14], "deaths": [9, 13, 6, 3, 9, 0, 4, 1, 11, 5, 11, 8, 11, 3, 5, 6], "assists": [8, 3, 8, 7, 15, 5, 2, 11, 6, 9, 15, 9, 9, 1, 8, 14], "minions_killed": [161, 150, 244, 132, 172, 147, 113, 166, 152, 265, 252, 246, 272, 234, 236, 358], "vision_score": [19, 13, 43, 12, 19, 17, 15, 20, 24, 34, 38, 29, 26, 13, 29, 22], "position": [3, 3, 3, 3, 3, 3, 3, 3, 3, 3, 3, 3, 3, 3, 3, 3], "kill_participation": [0.6, 0.48, 0.6, 0.35, 0.69, 0.72, 0.78, 0.52, 0.55, 0.68, 0.71, 0.59, 0.5, 0.69, 0.75, 0.67], "game_duration": [29.916666666666668, 27.616666666666667, 33.0, 20.033333333333335, 32.516666666666666, 21.666666666666668, 17.6, 21.833333333333332, 31.116666666666667, 34.1, 35.78333333333333, 34.5, 39.083333333333336, 25.716666666666665, 36.983333333333334, 35.68333333333333], "net_kills": [5, 4, 10, 4, -3, 12, -1, 0, -5, 6, 4, -1, -5, 5, 1, 3], "net_deaths": [3, 9, 0, 3, -1, -2, 1, -1, 4, -1, 2, 4, 6, 1, 0, -4], "net_assists": [-2, -7, 1, 7, 7, 5, 0, 9, -9, 7, -1, 5, 5, -10, 4, 8], "net_minions_killed": [-27, -40, 55, 132, -80, 32, -5, 45, -1, -23, 81, 14, 11, 97, 1, 196], "net_vision_score": [-17, -1, 23, 12, -1, 5, 6, -3, 9, 22, 23, -1, 0, 5, 7, -3], "net_kill_participation": [0.12548449612403095, 0.1873015873015873, 0.06893687707641194, 0.3548387096774194, -0.07565789473684215, 0.62, 0.39682539682539686, 0.12, -0.06052076002814921, 0.2774193548387096, 0.12953929539295395, 0.20728291316526615, 0.14705882352941174, 0.2095490716180371, 0.5378787878787878, 0.059523809523809534]}